{
	"info": {
		"_postman_id": "746bed4a-57d0-4714-bba9-b7582f71a6f0",
		"name": "nest-auto_rio",
		"description": "# 🚀 Get started here\n\nThis template guides you through CRUD operations (GET, POST, PUT, DELETE), variables, and tests.\n\n## 🔖 **How to use this template**\n\n#### **Step 1: Send requests**\n\nRESTful APIs allow you to perform CRUD operations using the POST, GET, PUT, and DELETE HTTP methods.\n\nThis collection contains each of these [request](https://learning.postman.com/docs/sending-requests/requests/) types. Open each request and click \"Send\" to see what happens.\n\n#### **Step 2: View responses**\n\nObserve the response tab for status code (200 OK), response time, and size.\n\n#### **Step 3: Send new Body data**\n\nUpdate or add new data in \"Body\" in the POST request. Typically, Body data is also used in PUT request.\n\n```\n{\n    \"name\": \"Add your name in the body\"\n}\n\n ```\n\n#### **Step 4: Update the variable**\n\nVariables enable you to store and reuse values in Postman. We have created a [variable](https://learning.postman.com/docs/sending-requests/variables/) called `base_url` with the sample request [https://postman-api-learner.glitch.me](https://postman-api-learner.glitch.me). Replace it with your API endpoint to customize this collection.\n\n#### **Step 5: Add tests in the \"Scripts\" tab**\n\nAdding tests to your requests can help you confirm that your API is working as expected. You can write test scripts in JavaScript and view the output in the \"Test Results\" tab.\n\n<img src=\"https://content.pstmn.io/fa30ea0a-373d-4545-a668-e7b283cca343/aW1hZ2UucG5n\" alt=\"\" height=\"1530\" width=\"2162\">\n\n## 💪 Pro tips\n\n- Use folders to group related requests and organize the collection.\n    \n- Add more [scripts](https://learning.postman.com/docs/writing-scripts/intro-to-scripts/) to verify if the API works as expected and execute workflows.\n    \n\n## 💡Related templates\n\n[API testing basics](https://go.postman.co/redirect/workspace?type=personal&collectionTemplateId=e9a37a28-055b-49cd-8c7e-97494a21eb54&sourceTemplateId=ddb19591-3097-41cf-82af-c84273e56719)  \n[API documentation](https://go.postman.co/redirect/workspace?type=personal&collectionTemplateId=e9c28f47-1253-44af-a2f3-20dce4da1f18&sourceTemplateId=ddb19591-3097-41cf-82af-c84273e56719)  \n[Authorization methods](https://go.postman.co/redirect/workspace?type=personal&collectionTemplateId=31a9a6ed-4cdf-4ced-984c-d12c9aec1c27&sourceTemplateId=ddb19591-3097-41cf-82af-c84273e56719)",
		"schema": "https://schema.getpostman.com/json/collection/v2.1.0/collection.json",
		"_exporter_id": "37153159"
	},
	"item": [
		{
			"name": "Users",
			"item": [
				{
					"name": "get-all-users",
					"request": {
						"method": "GET",
						"header": [],
						"url": {
							"raw": "{{baseUrl}}/users",
							"host": [
								"{{baseUrl}}"
							],
							"path": [
								"users"
							]
						}
					},
					"response": []
				},
				{
					"name": "get-user-userId",
					"request": {
						"method": "GET",
						"header": [],
						"url": {
							"raw": "{{baseUrl}}/users/{{userId}}",
							"host": [
								"{{baseUrl}}"
							],
							"path": [
								"users",
								"{{userId}}"
							]
						}
					},
					"response": []
				},
				{
					"name": "patch-user-userId",
					"request": {
						"method": "PATCH",
						"header": [],
						"body": {
							"mode": "raw",
							"raw": "{\r\n  \"name\": \"John Doe\",\r\n  \"region\": \"California\"\r\n}",
							"options": {
								"raw": {
									"language": "json"
								}
							}
						},
						"url": {
							"raw": "{{baseUrl}}/users/{{userId}}",
							"host": [
								"{{baseUrl}}"
							],
							"path": [
								"users",
								"{{userId}}"
							]
						}
					},
					"response": []
				},
				{
					"name": "delete-user-userId",
					"request": {
						"method": "DELETE",
						"header": [],
						"url": {
							"raw": "{{baseUrl}}/users/{{userId}}",
							"host": [
								"{{baseUrl}}"
							],
							"path": [
								"users",
								"{{userId}}"
							]
						}
					},
					"response": []
				},
				{
					"name": "patch-user-account-userId",
					"request": {
						"method": "PATCH",
						"header": [],
						"body": {
							"mode": "raw",
							"raw": "{\r\n  \"accountType\": \"premium\"\r\n}",
							"options": {
								"raw": {
									"language": "json"
								}
							}
						},
						"url": {
							"raw": "{{baseUrl}}/users/{{userId}}",
							"host": [
								"{{baseUrl}}"
							],
							"path": [
								"users",
								"{{userId}}"
							]
						}
					},
					"response": []
				}
			]
		},
		{
			"name": "Auth",
			"item": [
				{
					"name": "register-user",
					"request": {
						"method": "POST",
						"header": [],
						"body": {
							"mode": "raw",
							"raw": "{\r\n  \"email\": \"user@example.com\",\r\n  \"password\": \"P@ssw0rd\",\r\n  \"name\": \"John Doe\",\r\n  \"role\": \"user\"\r\n}",
							"options": {
								"raw": {
									"language": "json"
								}
							}
						},
						"url": {
							"raw": "{{baseUrl}}/auth/register",
							"host": [
								"{{baseUrl}}"
							],
							"path": [
								"auth",
								"register"
							]
						}
					},
					"response": []
				},
				{
					"name": "login-user",
					"request": {
						"method": "POST",
						"header": [],
						"body": {
							"mode": "raw",
							"raw": "{\r\n  \"email\": \"user@example.com\",\r\n  \"password\": \"P@ssw0rd\"\r\n}",
							"options": {
								"raw": {
									"language": "json"
								}
							}
						},
						"url": {
							"raw": "{{baseUrl}}/auth/login",
							"host": [
								"{{baseUrl}}"
							],
							"path": [
								"auth",
								"login"
							]
						}
					},
					"response": []
				}
			]
		},
		{
			"name": "Roles",
			"item": [
				{
					"name": "get-all-roles",
					"request": {
						"method": "GET",
						"header": [],
						"url": {
							"raw": "{{baseUrl}}/roles",
							"host": [
								"{{baseUrl}}"
							],
							"path": [
								"roles"
							]
						}
					},
					"response": []
				},
				{
					"name": "add-role",
					"request": {
						"method": "POST",
						"header": [],
						"body": {
							"mode": "raw",
							"raw": "{\r\n  \"name\": \"Admin\",\r\n  \"description\": \"Администратор системы\"\r\n}",
							"options": {
								"raw": {
									"language": "json"
								}
							}
						},
						"url": {
							"raw": "{{baseUrl}}/roles",
							"host": [
								"{{baseUrl}}"
							],
							"path": [
								"roles"
							]
						}
					},
					"response": []
				},
				{
					"name": "get-role-roleId",
					"protocolProfileBehavior": {
						"disableBodyPruning": true
					},
					"request": {
						"method": "GET",
						"header": [],
						"body": {
							"mode": "raw",
							"raw": "{\r\n  \"name\": \"Admin\",\r\n  \"description\": \"Роль администратора с полными правами\"\r\n}",
							"options": {
								"raw": {
									"language": "json"
								}
							}
						},
						"url": {
							"raw": "{{baseUrl}}/roles/{{roleId}}",
							"host": [
								"{{baseUrl}}"
							],
							"path": [
								"roles",
								"{{roleId}}"
							]
						}
					},
					"response": []
				},
				{
					"name": "patch-role-roleId",
					"request": {
						"method": "PATCH",
						"header": [],
						"body": {
							"mode": "raw",
							"raw": "{\r\n  \"name\": \"Menedger\",\r\n  \"description\": \"Администратор системы\"\r\n}",
							"options": {
								"raw": {
									"language": "json"
								}
							}
						},
						"url": {
							"raw": "{{baseUrl}}/roles/{{roleId}}",
							"host": [
								"{{baseUrl}}"
							],
							"path": [
								"roles",
								"{{roleId}}"
							]
						}
					},
					"response": []
				},
				{
					"name": "delete-role-roleId",
					"request": {
						"method": "DELETE",
						"header": [],
						"body": {
							"mode": "raw",
							"raw": "{\r\n  \"name\": \"Administrator\",\r\n  \"description\": \"Роль с правами администратора для управления пользователями и контентом.\"\r\n}",
							"options": {
								"raw": {
									"language": "json"
								}
							}
						},
						"url": {
							"raw": "{{baseUrl}}/roles/{{roleId}}",
							"host": [
								"{{baseUrl}}"
							],
							"path": [
								"roles",
								"{{roleId}}"
							]
						}
					},
					"response": []
				}
			]
		},
		{
			"name": "Permission",
			"item": [
				{
					"name": "get-all-permission",
					"request": {
						"method": "GET",
						"header": [],
						"url": {
							"raw": "{{baseUrl}}/permissions",
							"host": [
								"{{baseUrl}}"
							],
							"path": [
								"permissions"
							]
						}
					},
					"response": []
				},
				{
					"name": "add-permission",
					"request": {
						"method": "POST",
						"header": [],
						"body": {
							"mode": "raw",
							"raw": "{\r\n  \"name\": \"VIEW_USER\",\r\n  \"description\": \"Доступ к просмотру пользователей\"\r\n}",
							"options": {
								"raw": {
									"language": "json"
								}
							}
						},
						"url": {
							"raw": "{{baseUrl}}/permissions",
							"host": [
								"{{baseUrl}}"
							],
							"path": [
								"permissions"
							]
						}
					},
					"response": []
				},
				{
					"name": "get-permission-permissionId",
					"protocolProfileBehavior": {
						"disableBodyPruning": true
					},
					"request": {
						"method": "GET",
						"header": [],
						"body": {
							"mode": "raw",
							"raw": "{\r\n  \"name\": \"CREATE_USER\",\r\n  \"description\": \"Разрешение на создание нового пользователя\"\r\n}",
							"options": {
								"raw": {
									"language": "json"
								}
							}
						},
						"url": {
							"raw": "{{baseUrl}}/permissions/{{permissionId}}",
							"host": [
								"{{baseUrl}}"
							],
							"path": [
								"permissions",
								"{{permissionId}}"
							]
						}
					},
					"response": []
				},
				{
					"name": "patch-permission-permissionId",
					"request": {
						"method": "PATCH",
						"header": [],
						"body": {
							"mode": "raw",
							"raw": "{\r\n  \"name\": \"EDIT_USER\",\r\n  \"description\": \"Редактирование пользователей\"\r\n}",
							"options": {
								"raw": {
									"language": "json"
								}
							}
						},
						"url": {
							"raw": "{{baseUrl}}/permissions/{{permissionId}}",
							"host": [
								"{{baseUrl}}"
							],
							"path": [
								"permissions",
								"{{permissionId}}"
							]
						}
					},
					"response": []
				},
				{
					"name": "delete-permission-permissionId",
					"request": {
						"method": "DELETE",
						"header": [],
						"url": {
							"raw": "{{baseUrl}}/permissions/{{permissionId}}",
							"host": [
								"{{baseUrl}}"
							],
							"path": [
								"permissions",
								"{{permissionId}}"
							]
						}
					},
					"response": []
				},
				{
					"name": "add-permissions-assign-to-role",
					"request": {
						"method": "POST",
						"header": [],
						"body": {
							"mode": "raw",
							"raw": "{\r\n  \"roleId\": \"123456\",\r\n  \"permissionId\": \"654321\"\r\n}",
							"options": {
								"raw": {
									"language": "json"
								}
							}
						},
						"url": {
							"raw": "{{baseUrl}}/permissions/assign-to-role",
							"host": [
								"{{baseUrl}}"
							],
							"path": [
								"permissions",
								"assign-to-role"
							]
						}
					},
					"response": []
				}
			]
		},
		{
			"name": "Listings",
			"item": [
				{
					"name": "add-listing",
					"request": {
						"method": "POST",
						"header": [],
						"body": {
							"mode": "raw",
							"raw": "{\r\n  \"userId\": \"uuid\",\r\n  \"brandId\": \"uuid\",\r\n  \"modelId\": \"uuid\",\r\n  \"price\": 15000,\r\n  \"currency\": \"USD\",\r\n  \"description\": \"Отличное состояние, гаражное хранение\"\r\n}",
							"options": {
								"raw": {
									"language": "json"
								}
							}
						},
						"url": {
							"raw": "{{baseUrl}}/listings",
							"host": [
								"{{baseUrl}}"
							],
							"path": [
								"listings"
							]
						}
					},
					"response": []
				},
				{
					"name": "patch-listing-listingId",
					"request": {
						"method": "PATCH",
						"header": [],
						"url": {
							"raw": "{{baseUrl}}/listings/status/{{listingId}}",
							"host": [
								"{{baseUrl}}"
							],
							"path": [
								"listings",
								"status",
								"{{listingId}}"
							]
						}
					},
					"response": []
				}
			]
		},
		{
			"name": "Car-brands",
			"item": [
				{
					"name": "get-all-car-brands",
					"request": {
						"method": "GET",
						"header": [],
						"url": {
							"raw": "{{baseUrl}}/car-brands",
							"host": [
								"{{baseUrl}}"
							],
							"path": [
								"car-brands"
							]
						}
					},
					"response": []
				},
				{
					"name": "get-car-brands-byId",
					"request": {
						"method": "GET",
						"header": [],
						"url": {
							"raw": "{{baseUrl}}/car-brands/{{carBrandsId}}",
							"host": [
								"{{baseUrl}}"
							],
							"path": [
								"car-brands",
								"{{carBrandsId}}"
							]
						}
					},
					"response": []
				},
				{
					"name": "add-car-brands",
					"request": {
						"method": "POST",
						"header": [],
						"body": {
							"mode": "raw",
							"raw": "{\r\n  \"name\": \"Toyota\"\r\n}",
							"options": {
								"raw": {
									"language": "json"
								}
							}
						},
						"url": {
							"raw": "{{baseUrl}}/car-brands",
							"host": [
								"{{baseUrl}}"
							],
							"path": [
								"car-brands"
							]
						}
					},
					"response": []
				},
				{
					"name": "patch-car-brands-carBrandsId",
					"request": {
						"method": "PATCH",
						"header": [],
						"body": {
							"mode": "raw",
							"raw": "{\r\n  \"name\": \"Toyota\"\r\n}",
							"options": {
								"raw": {
									"language": "json"
								}
							}
						},
						"url": {
							"raw": "{{baseUrl}}/car-brands/{{carBrandsId}}",
							"host": [
								"{{baseUrl}}"
							],
							"path": [
								"car-brands",
								"{{carBrandsId}}"
							]
						}
					},
					"response": []
				},
				{
					"name": "delete-car-brand-carBrandsId",
					"request": {
						"method": "DELETE",
						"header": [],
						"url": {
							"raw": "{{baseUrl}}/car-brands/{{carBrandsId}}",
							"host": [
								"{{baseUrl}}"
							],
							"path": [
								"car-brands",
								"{{carBrandsId}}"
							]
						}
					},
					"response": []
				}
			]
		},
		{
			"name": "Car-models",
			"item": [
				{
					"name": "get-all-car-models",
					"request": {
						"method": "GET",
						"header": [],
						"url": {
							"raw": "{{baseUrl}}/car-models",
							"host": [
								"{{baseUrl}}"
							],
							"path": [
								"car-models"
							]
						}
					},
					"response": []
				},
				{
					"name": "get-car-models-byId",
					"request": {
						"method": "GET",
						"header": [],
						"url": {
							"raw": "{{baseUrl}}/car-models/{{carModelId}}",
							"host": [
								"{{baseUrl}}"
							],
							"path": [
								"car-models",
								"{{carModelId}}"
							]
						}
					},
					"response": []
				},
				{
					"name": "add-car-model",
					"request": {
						"method": "POST",
						"header": [],
						"body": {
							"mode": "raw",
							"raw": "{\r\n  \"brandId\": \"uuid-1234\",\r\n  \"name\": \"Sedan\"\r\n}",
							"options": {
								"raw": {
									"language": "json"
								}
							}
						},
						"url": {
							"raw": "{{baseUrl}}/car-models",
							"host": [
								"{{baseUrl}}"
							],
							"path": [
								"car-models"
							]
						}
					},
					"response": []
				},
				{
					"name": "patch-car-model-carModelId",
					"request": {
						"method": "PATCH",
						"header": [],
						"body": {
							"mode": "raw",
							"raw": "{\r\n  \"name\": \"Sedan\"\r\n}",
							"options": {
								"raw": {
									"language": "json"
								}
							}
						},
						"url": {
							"raw": "{{baseUrl}}/car-models/{{carModelId}}",
							"host": [
								"{{baseUrl}}"
							],
							"path": [
								"car-models",
								"{{carModelId}}"
							]
						}
					},
					"response": []
				},
				{
					"name": "delete-car-model-carModelId",
					"request": {
						"method": "DELETE",
						"header": [],
						"url": {
							"raw": "{{baseUrl}}/car-models/{{carModelId}}",
							"host": [
								"{{baseUrl}}"
							],
							"path": [
								"car-models",
								"{{carModelId}}"
							]
						}
					},
					"response": []
				}
			]
		},
		{
			"name": "Statistics",
			"item": [
				{
					"name": "get-statistics-summary",
					"request": {
						"method": "GET",
						"header": [],
						"url": {
							"raw": "{{baseUrl}}/statistics/summary",
							"host": [
								"{{baseUrl}}"
							],
							"path": [
								"statistics",
								"summary"
							]
						}
					},
					"response": []
				},
				{
					"name": "get-statistics-user-userId",
					"request": {
						"method": "GET",
						"header": [],
						"url": {
							"raw": "{{baseUrl}}/statistics/user/{{userId}}",
							"host": [
								"{{baseUrl}}"
							],
							"path": [
								"statistics",
								"user",
								"{{userId}}"
							]
						}
					},
					"response": []
				}
			]
		},
		{
			"name": "Views-statistics",
			"item": [
				{
					"name": "add-view-statistic",
					"request": {
						"method": "POST",
						"header": [],
						"body": {
							"mode": "raw",
							"raw": "{\r\n  \"listingId\": \"string\",\r\n  \"viewsDaily\": 0,\r\n  \"viewsWeekly\": 0,\r\n  \"viewsMonthly\": 0\r\n}",
							"options": {
								"raw": {
									"language": "json"
								}
							}
						},
						"url": {
							"raw": "{{baseUrl}}/view-statistics",
							"host": [
								"{{baseUrl}}"
							],
							"path": [
								"view-statistics"
							]
						}
					},
					"response": []
				},
				{
					"name": "put-view-statistic",
					"request": {
						"method": "PUT",
						"header": [],
						"body": {
							"mode": "raw",
							"raw": "{\r\n  \"listingId\": \"string\",\r\n  \"viewsDaily\": 0,\r\n  \"viewsWeekly\": 0,\r\n  \"viewsMonthly\": 0\r\n}",
							"options": {
								"raw": {
									"language": "json"
								}
							}
						},
						"url": {
							"raw": "{{baseUrl}}/view-statistics/{{viewStatisticId}}",
							"host": [
								"{{baseUrl}}"
							],
							"path": [
								"view-statistics",
								"{{viewStatisticId}}"
							]
						}
					},
					"response": []
				},
				{
					"name": "get-views-statistics-statisticId",
					"request": {
						"method": "GET",
						"header": [],
						"url": {
							"raw": "{{baseUrl}}/views-statistics/{{viewStatisticId}}",
							"host": [
								"{{baseUrl}}"
							],
							"path": [
								"views-statistics",
								"{{viewStatisticId}}"
							]
						}
					},
					"response": []
				},
				{
					"name": "get-views-statistics-listingId",
					"request": {
						"method": "GET",
						"header": [],
						"url": {
							"raw": "{{baseUrl}}/views-statistics/listing/{{listingId}}",
							"host": [
								"{{baseUrl}}"
							],
							"path": [
								"views-statistics",
								"listing",
								"{{listingId}}"
							]
						}
					},
					"response": []
				}
			]
		},
		{
			"name": "Average-prices",
			"item": [
				{
					"name": "get- average-prices",
					"request": {
						"method": "GET",
						"header": [],
						"url": {
							"raw": "{{baseUrl}}/average-prices",
							"host": [
								"{{baseUrl}}"
							],
							"path": [
								"average-prices"
							]
						}
					},
					"response": []
				}
			]
		},
		{
			"name": "Health",
			"item": [
				{
					"name": "get-health",
					"request": {
						"method": "GET",
						"header": [],
						"url": {
							"raw": "{{baseUrl}}/health",
							"host": [
								"{{baseUrl}}"
							],
							"path": [
								"health"
							]
						}
					},
					"response": []
				}
			]
		},
		{
			"name": "Exchange-rate",
			"item": [
				{
					"name": "get-exchange-rate",
					"request": {
						"method": "GET",
						"header": [],
						"url": {
							"raw": "{{baseUrl}}/exchange-rate",
							"host": [
								"{{baseUrl}}"
							],
							"path": [
								"exchange-rate"
							]
						}
					},
					"response": []
				}
			]
		}
	],
	"event": [
		{
			"listen": "prerequest",
			"script": {
				"type": "text/javascript",
				"exec": [
					""
				]
			}
		},
		{
			"listen": "test",
			"script": {
				"type": "text/javascript",
				"exec": [
					""
				]
			}
		}
	],
	"variable": [
		{
			"key": "base_url",
			"value": "https://postman-rest-api-learner.glitch.me/"
		},
		{
			"key": "listingId",
			"value": "",
			"type": "default"
		},
		{
			"key": "userId",
			"value": "",
			"type": "default"
		},
		{
			"key": "roleId",
			"value": "",
			"type": "default"
		},
		{
			"key": "permissionId",
			"value": "",
			"type": "default"
		},
		{
			"key": "carBrandsId",
			"value": "",
			"type": "default"
		},
		{
			"key": "carModelId",
			"value": "",
			"type": "default"
		},
		{
			"key": "accessToken",
			"value": "",
			"type": "default"
		},
		{
			"key": "viewStatisticId",
			"value": "",
			"type": "default"
		}
	]
}